company,contract,description,education,experience,posted,region,skills,source,title,url
,,,,"Niveau d'expérience, : ,Expérience entre 2 ans et 5 ans,Niveau d'expérience,,Expérience entre 2 ans et 5 ans",,,,jobs,Conductrice - Dakar,https://www.emploisenegal.com/offre-emploi-senegal/conductrice-dakar-1379999
,,,,"Niveau d'expérience, : ,Etudiant, jeune diplômé - Débutant < 2 ans - Expérience entre 2 ans et 5 ans - Expérience entre 5 ans et 10 ans - Expérience > 10 ans,Niveau d'expérience,,Etudiant, jeune diplômé - Débutant < 2 ans - Expérience entre 2 ans et 5 ans - Expérience entre 5 ans et 10 ans - Expérience > 10 ans",,,,jobs,Language Annotator - Senegal,https://www.emploisenegal.com/offre-emploi-senegal/language-annotator-senegal-1410214
,,,,"Niveau d'expérience, : ,Etudiant, jeune diplômé - Débutant < 2 ans - Expérience entre 2 ans et 5 ans - Expérience entre 5 ans et 10 ans - Expérience > 10 ans,Niveau d'expérience,,Etudiant, jeune diplômé - Débutant < 2 ans - Expérience entre 2 ans et 5 ans - Expérience entre 5 ans et 10 ans - Expérience > 10 ans",,,,jobs,Infirmier(ère) - Canada,https://www.emploisenegal.com/offre-emploi-senegal/infirmierere-canada-1368981
,,,,"Niveau d'expérience, : ,Etudiant, jeune diplômé - Débutant < 2 ans - Expérience entre 2 ans et 5 ans - Expérience entre 5 ans et 10 ans - Expérience > 10 ans,Niveau d'expérience,,Etudiant, jeune diplômé - Débutant < 2 ans - Expérience entre 2 ans et 5 ans - Expérience entre 5 ans et 10 ans - Expérience > 10 ans",,,"Compétences clés :Maîtrise des techniques de prospection et de négociation.,Compétences clés Maîtrise des techniques de prospection et de négociation.",jobs,Commercial BtoB - Dakar,https://www.emploisenegal.com/offre-emploi-senegal/commercial-btob-dakar-1406915
,,,,"Niveau d'expérience, : ,Expérience entre 5 ans et 10 ans,Niveau d'expérience,,Expérience entre 5 ans et 10 ans",,,,jobs,Cloud Computing and Virtualization Engineer (M/F),https://www.emploisenegal.com/offre-emploi-senegal/cloud-computing-virtualization-engineer-mf-1085955
,,,,"Niveau d'expérience, : ,Expérience entre 2 ans et 5 ans - Expérience entre 5 ans et 10 ans - Expérience > 10 ans,Niveau d'expérience,,Expérience entre 2 ans et 5 ans - Expérience entre 5 ans et 10 ans - Expérience > 10 ans",,,,jobs,Responsable de Programme Agro à Matam - Matam,https://www.emploisenegal.com/offre-emploi-senegal/responsable-programme-agro-matam-matam-1372292
,,,,"Niveau d'expérience, : ,Expérience entre 2 ans et 5 ans - Expérience entre 5 ans et 10 ans - Expérience > 10 ans,Niveau d'expérience,,Expérience entre 2 ans et 5 ans - Expérience entre 5 ans et 10 ans - Expérience > 10 ans",,,,jobs,Recrutement - Dakar,https://www.emploisenegal.com/offre-emploi-senegal/recrutement-dakar-1403270
,,,,"Niveau d'expérience, : ,Débutant < 2 ans - Expérience entre 2 ans et 5 ans - Expérience entre 5 ans et 10 ans - Expérience > 10 ans,Niveau d'expérience,,Débutant < 2 ans - Expérience entre 2 ans et 5 ans - Expérience entre 5 ans et 10 ans - Expérience > 10 ans",,,,jobs,Assistant(e) Administratif(ve)  - Dakar,https://www.emploisenegal.com/offre-emploi-senegal/assistante-administratifve-dakar-1395895
,,,,"Niveau d'expérience, : ,Etudiant, jeune diplômé - Débutant < 2 ans - Expérience entre 2 ans et 5 ans - Expérience entre 5 ans et 10 ans - Expérience > 10 ans,Niveau d'expérience,,Etudiant, jeune diplômé - Débutant < 2 ans - Expérience entre 2 ans et 5 ans - Expérience entre 5 ans et 10 ans - Expérience > 10 ans",,,,jobs,Expert en Techniques de Peintures Naturelles – Formation d'Ouvriers - Thionk Essyl ,https://www.emploisenegal.com/offre-emploi-senegal/expert-techniques-peintures-naturelles-formation-ouvriers-thionk-essyl-1389538
,,,,"Niveau d'expérience, : ,Expérience entre 2 ans et 5 ans - Expérience entre 5 ans et 10 ans - Expérience > 10 ans,Niveau d'expérience,,Expérience entre 2 ans et 5 ans - Expérience entre 5 ans et 10 ans - Expérience > 10 ans",,,,jobs,"Agent de Gardiennage - Rufisque,Diamniadio,Thiès",https://www.emploisenegal.com/offre-emploi-senegal/agent-gardiennage-rufisquediamniadiothies-1385649
,,,,"Niveau d'expérience, : ,Débutant < 2 ans - Expérience entre 2 ans et 5 ans - Expérience entre 5 ans et 10 ans - Expérience > 10 ans,Niveau d'expérience,,Débutant < 2 ans - Expérience entre 2 ans et 5 ans - Expérience entre 5 ans et 10 ans - Expérience > 10 ans",,,,jobs,Business Developer (H/F) - Dakar,https://www.emploisenegal.com/offre-emploi-senegal/business-developer-hf-dakar-1385884
,,,,"Niveau d'expérience, : ,Etudiant, jeune diplômé - Débutant < 2 ans - Expérience entre 2 ans et 5 ans,Niveau d'expérience,,Etudiant, jeune diplômé - Débutant < 2 ans - Expérience entre 2 ans et 5 ans",,,,jobs,Agent Commercial - Dakar,https://www.emploisenegal.com/offre-emploi-senegal/agent-commercial-dakar-1385902
,,,,"Niveau d'expérience, : ,Expérience entre 2 ans et 5 ans - Expérience entre 5 ans et 10 ans - Expérience > 10 ans,Niveau d'expérience,,Expérience entre 2 ans et 5 ans - Expérience entre 5 ans et 10 ans - Expérience > 10 ans",,,,jobs,Comptable  - Dakar,https://www.emploisenegal.com/offre-emploi-senegal/comptable-dakar-1385904
,,,,"Niveau d'expérience, : ,Etudiant, jeune diplômé - Débutant < 2 ans - Expérience entre 2 ans et 5 ans - Expérience entre 5 ans et 10 ans - Expérience > 10 ans,Niveau d'expérience,,Etudiant, jeune diplômé - Débutant < 2 ans - Expérience entre 2 ans et 5 ans - Expérience entre 5 ans et 10 ans - Expérience > 10 ans",,,,jobs,Commercial - Dakar,https://www.emploisenegal.com/offre-emploi-senegal/commercial-dakar-1387851
,,,,"Niveau d'expérience, : ,Expérience entre 2 ans et 5 ans - Expérience entre 5 ans et 10 ans - Expérience > 10 ans,Niveau d'expérience,,Expérience entre 2 ans et 5 ans - Expérience entre 5 ans et 10 ans - Expérience > 10 ans",,,,jobs,Commercial Freelance / Apporteur d’Affaires  - Dakar,https://www.emploisenegal.com/offre-emploi-senegal/commercial-freelance-apporteur-affaires-dakar-1388362
,,,,"Niveau d'expérience, : ,Expérience entre 2 ans et 5 ans - Expérience entre 5 ans et 10 ans - Expérience > 10 ans,Niveau d'expérience,,Expérience entre 2 ans et 5 ans - Expérience entre 5 ans et 10 ans - Expérience > 10 ans",,,,jobs,Graphiste - Dakar,https://www.emploisenegal.com/offre-emploi-senegal/graphiste-dakar-1388464
,,,,"Niveau d'expérience, : ,Expérience entre 2 ans et 5 ans - Expérience entre 5 ans et 10 ans - Expérience > 10 ans,Niveau d'expérience,,Expérience entre 2 ans et 5 ans - Expérience entre 5 ans et 10 ans - Expérience > 10 ans",,,,jobs,Télévendeur (se) Expérimenté (e) - Dakar,https://www.emploisenegal.com/offre-emploi-senegal/televendeur-se-experimente-e-dakar-1389495
,,,,"Niveau d'expérience, : ,Etudiant, jeune diplômé - Débutant < 2 ans - Expérience entre 2 ans et 5 ans - Expérience entre 5 ans et 10 ans - Expérience > 10 ans,Niveau d'expérience,,Etudiant, jeune diplômé - Débutant < 2 ans - Expérience entre 2 ans et 5 ans - Expérience entre 5 ans et 10 ans - Expérience > 10 ans",,,,jobs,Expert en Charpente et Menuiserie en Bois– Formation d'Ouvriers - Thionk Essyl ,https://www.emploisenegal.com/offre-emploi-senegal/expert-charpente-menuiserie-bois-formation-ouvriers-thionk-essyl-1389527
,,,,"Niveau d'expérience, : ,Etudiant, jeune diplômé - Débutant < 2 ans - Expérience entre 2 ans et 5 ans - Expérience entre 5 ans et 10 ans - Expérience > 10 ans,Niveau d'expérience,,Etudiant, jeune diplômé - Débutant < 2 ans - Expérience entre 2 ans et 5 ans - Expérience entre 5 ans et 10 ans - Expérience > 10 ans",,,,jobs,Expert en Matériaux Biosourcés – Formation d'Ouvriers sur Chantier  - Thionk Essyl ,https://www.emploisenegal.com/offre-emploi-senegal/expert-materiaux-biosources-formation-ouvriers-sur-chantier-thionk-essyl
,,,,"Niveau d'expérience, : ,Débutant < 2 ans - Expérience entre 2 ans et 5 ans,Niveau d'expérience,,Débutant < 2 ans - Expérience entre 2 ans et 5 ans",,,,jobs,Conducteur Tractopelle - Rufisque,https://www.emploisenegal.com/offre-emploi-senegal/conducteur-tractopelle-rufisque-1389613
,,,,"Niveau d'expérience, : ,Etudiant, jeune diplômé,Niveau d'expérience,,Etudiant, jeune diplômé",,,,jobs,Commercial Terrain - Saint-Louis,https://www.emploisenegal.com/offre-emploi-senegal/commercial-terrain-saint-louis-1389728
,,,,"Niveau d'expérience, : ,Expérience entre 2 ans et 5 ans - Expérience entre 5 ans et 10 ans - Expérience > 10 ans,Niveau d'expérience,,Expérience entre 2 ans et 5 ans - Expérience entre 5 ans et 10 ans - Expérience > 10 ans",,,,jobs,Assistante Personnelle de Direction - Dakar,https://www.emploisenegal.com/offre-emploi-senegal/assistante-personnelle-direction-dakar-1384907
,,,,"Niveau d'expérience, : ,Expérience entre 5 ans et 10 ans - Expérience > 10 ans,Niveau d'expérience,,Expérience entre 5 ans et 10 ans - Expérience > 10 ans",,,,jobs,Assistante Administrative - Dakar,https://www.emploisenegal.com/offre-emploi-senegal/assistante-administrative-dakar-1384505
,,,,"Niveau d'expérience, : ,Expérience entre 5 ans et 10 ans - Expérience > 10 ans,Niveau d'expérience,,Expérience entre 5 ans et 10 ans - Expérience > 10 ans",,,,jobs,Mécanicien Camions (DAF / MAN) - Expatriation  - Abidjan,https://www.emploisenegal.com/offre-emploi-senegal/mecanicien-camions-daf-man-expatriation-abidjan-1385599
,,,,"Niveau d'expérience, : ,Expérience entre 5 ans et 10 ans - Expérience > 10 ans,Niveau d'expérience,,Expérience entre 5 ans et 10 ans - Expérience > 10 ans",,,,jobs,Mécanicien Engins Lourds (Caterpillar / Komatsu) - Expatriation - Abidjan,https://www.emploisenegal.com/offre-emploi-senegal/mecanicien-engins-lourds-caterpillar-komatsu-expatriation-abidjan-1385598
,,,,"Niveau d'expérience, : ,Expérience entre 2 ans et 5 ans - Expérience entre 5 ans et 10 ans - Expérience > 10 ans,Niveau d'expérience,,Expérience entre 2 ans et 5 ans - Expérience entre 5 ans et 10 ans - Expérience > 10 ans",,,,jobs,Assistant Logistique - Kaolack,https://www.emploisenegal.com/offre-emploi-senegal/assistant-logistique-kaolack-1390393
,,,,"Niveau d'expérience, : ,Expérience entre 5 ans et 10 ans - Expérience > 10 ans,Niveau d'expérience,,Expérience entre 5 ans et 10 ans - Expérience > 10 ans",,,,jobs,Cariste - Kaolack,https://www.emploisenegal.com/offre-emploi-senegal/cariste-kaolack-1390403
,,,,"Niveau d'expérience, : ,Expérience entre 5 ans et 10 ans - Expérience > 10 ans,Niveau d'expérience,,Expérience entre 5 ans et 10 ans - Expérience > 10 ans",,,,jobs,Gestionnaire de Stock - Kaolack,https://www.emploisenegal.com/offre-emploi-senegal/magasinier-kaolack-1390401
,,,,"Niveau d'expérience, : ,Etudiant, jeune diplômé - Débutant < 2 ans - Expérience entre 2 ans et 5 ans,Niveau d'expérience,,Etudiant, jeune diplômé - Débutant < 2 ans - Expérience entre 2 ans et 5 ans",,,,jobs,Chargé(e) de la Relation Client - Dakar,https://www.emploisenegal.com/offre-emploi-senegal/chargee-relation-client-dakar-1391524
,,,,"Niveau d'expérience, : ,Expérience entre 2 ans et 5 ans,Niveau d'expérience,,Expérience entre 2 ans et 5 ans",,,,jobs,Opérateur de Machine - Thiès,https://www.emploisenegal.com/offre-emploi-senegal/operateur-machine-thies-1390357
,,,,"Niveau d'expérience, : ,Expérience entre 2 ans et 5 ans,Niveau d'expérience,,Expérience entre 2 ans et 5 ans",,,,jobs,Superviseur Production - Thies,https://www.emploisenegal.com/offre-emploi-senegal/superviseur-production-thies-1390341
,,,,"Niveau d'expérience, : ,Expérience entre 5 ans et 10 ans - Expérience > 10 ans,Niveau d'expérience,,Expérience entre 5 ans et 10 ans - Expérience > 10 ans",,,,jobs,Clients Operations Manager Projets - Dakar,https://www.emploisenegal.com/offre-emploi-senegal/clients-operations-manager-projets-dakar-1390768
,,,,"Niveau d'expérience, : ,Expérience entre 2 ans et 5 ans - Expérience entre 5 ans et 10 ans - Expérience > 10 ans,Niveau d'expérience,,Expérience entre 2 ans et 5 ans - Expérience entre 5 ans et 10 ans - Expérience > 10 ans",,,,jobs,Coordonnateur Levage (H/F) - Dakar,https://www.emploisenegal.com/offre-emploi-senegal/coordonnateur-levage-hf-dakar-1390739
,,,,"Niveau d'expérience, : ,Expérience entre 5 ans et 10 ans,Niveau d'expérience,,Expérience entre 5 ans et 10 ans",,,,jobs,Responsable de Production (H/F) - Thiès,https://www.emploisenegal.com/offre-emploi-senegal/responsable-production-hf-thies-1390394
,,,,"Niveau d'expérience, : ,Expérience entre 2 ans et 5 ans - Expérience entre 5 ans et 10 ans - Expérience > 10 ans,Niveau d'expérience,,Expérience entre 2 ans et 5 ans - Expérience entre 5 ans et 10 ans - Expérience > 10 ans",,,,jobs,Chargée de Clientèle - Produits bio et Compléménts Alimentaires  - Dakar,https://www.emploisenegal.com/offre-emploi-senegal/chargee-clientele-produits-bio-complements-alimentaires-dakar-1390969
,,,,"Niveau d'expérience, : ,Expérience entre 5 ans et 10 ans - Expérience > 10 ans,Niveau d'expérience,,Expérience entre 5 ans et 10 ans - Expérience > 10 ans",,,,jobs,Infographiste Designer  - Dakar,https://www.emploisenegal.com/offre-emploi-senegal/infographiste-designer-dakar-1390965
,,,,"Niveau d'expérience, : ,Expérience entre 5 ans et 10 ans - Expérience > 10 ans,Niveau d'expérience,,Expérience entre 5 ans et 10 ans - Expérience > 10 ans",,,,jobs,Chargé(e) de Communication Digitale - Dakar,https://www.emploisenegal.com/offre-emploi-senegal/chargee-communication-digitale-dakar-1390952
,,,,"Niveau d'expérience, : ,Débutant < 2 ans - Expérience entre 2 ans et 5 ans - Expérience entre 5 ans et 10 ans - Expérience > 10 ans,Niveau d'expérience,,Débutant < 2 ans - Expérience entre 2 ans et 5 ans - Expérience entre 5 ans et 10 ans - Expérience > 10 ans",,,,jobs,Business Developer B2B (H/F)  - Dakar,https://www.emploisenegal.com/offre-emploi-senegal/business-developer-b2b-hf-dakar-1395403
,,,,"Niveau d'expérience, : ,Expérience entre 2 ans et 5 ans - Expérience entre 5 ans et 10 ans - Expérience > 10 ans,Niveau d'expérience,,Expérience entre 2 ans et 5 ans - Expérience entre 5 ans et 10 ans - Expérience > 10 ans",,,,jobs,Business Developer Grands Comptes (H/F) - Dakar,https://www.emploisenegal.com/offre-emploi-senegal/business-developer-grands-comptes-hf-dakar-1395397
,,,,"Niveau d'expérience, : ,Expérience entre 2 ans et 5 ans - Expérience entre 5 ans et 10 ans - Expérience > 10 ans,Niveau d'expérience,,Expérience entre 2 ans et 5 ans - Expérience entre 5 ans et 10 ans - Expérience > 10 ans",,,"Flexibilité et disponibilité pour intervenir sur le terrain, parfois en horaires décalés.,
,Compétences clés :,
,Techniques,
,Flexibilité et disponibilité pour intervenir sur le terrain, parfois en horaires décalés.,,Compétences clés,,Techniques,",jobs,Chargé(e) Marketing Opérationnel  - DAKAR ,https://www.emploisenegal.com/offre-emploi-senegal/chargee-marketing-operationnel-dakar-1395465
,,,,"Niveau d'expérience, : ,Expérience entre 2 ans et 5 ans - Expérience entre 5 ans et 10 ans - Expérience > 10 ans,Niveau d'expérience,,Expérience entre 2 ans et 5 ans - Expérience entre 5 ans et 10 ans - Expérience > 10 ans",,,,jobs,Commercial - DAKAR ,https://www.emploisenegal.com/offre-emploi-senegal/commercial-dakar-1395491
,,,,"Niveau d'expérience, : ,Expérience > 10 ans,Niveau d'expérience,,Expérience > 10 ans",,,,jobs,Responsable Communication - DAKAR ,https://www.emploisenegal.com/offre-emploi-senegal/responsable-communication-dakar-1395461
,,,,"Niveau d'expérience, : ,Expérience entre 2 ans et 5 ans - Expérience entre 5 ans et 10 ans - Expérience > 10 ans,Niveau d'expérience,,Expérience entre 2 ans et 5 ans - Expérience entre 5 ans et 10 ans - Expérience > 10 ans",,,,jobs,Technico-Commercial(e) - Dakar,https://www.emploisenegal.com/offre-emploi-senegal/technico-commerciale-dakar-1391270
,,,,"Niveau d'expérience, : ,Etudiant, jeune diplômé - Débutant < 2 ans,Niveau d'expérience,,Etudiant, jeune diplômé - Débutant < 2 ans",,,,jobs,Stagiaire Technicien de Surface - Dakar ,https://www.emploisenegal.com/offre-emploi-senegal/stagiaire-technicien-surface-dakar-1302124
,,,,"Niveau d'expérience, : ,Expérience entre 5 ans et 10 ans - Expérience > 10 ans,Niveau d'expérience,,Expérience entre 5 ans et 10 ans - Expérience > 10 ans",,,,jobs,Responsable des Opérations Commerciales et Administratives - DAKAR,https://www.emploisenegal.com/offre-emploi-senegal/responsable-operations-commerciales-administratives-dakar-1393362
,,,,"Niveau d'expérience, : ,Expérience entre 5 ans et 10 ans - Expérience > 10 ans,Niveau d'expérience,,Expérience entre 5 ans et 10 ans - Expérience > 10 ans",,,,jobs,Chef de Cuisine - Restaurant Méditerranéen - Dakar,https://www.emploisenegal.com/offre-emploi-senegal/chef-cuisine-restaurant-mediterraneen-dakar-1398528
,,,,"Niveau d'expérience, : ,Débutant < 2 ans,Niveau d'expérience,,Débutant < 2 ans",,,,jobs,Chauffeur Professionnel,https://www.emploisenegal.com/offre-emploi-senegal/chauffeur-professionnel-1074499
,,,,"Niveau d'expérience, : ,Expérience entre 2 ans et 5 ans - Expérience entre 5 ans et 10 ans - Expérience > 10 ans,Niveau d'expérience,,Expérience entre 2 ans et 5 ans - Expérience entre 5 ans et 10 ans - Expérience > 10 ans",,,,jobs,Superviseur(e) Centre d'Appels H/F - Keur Massar,https://www.emploisenegal.com/offre-emploi-senegal/superviseure-centre-appels-hf-keur-massar-1396723
,,,,"Niveau d'expérience, : ,Expérience entre 2 ans et 5 ans,Niveau d'expérience,,Expérience entre 2 ans et 5 ans",,,,jobs,Coordonnateur D'une Plateforme Digitale  - Dakar ,https://www.emploisenegal.com/offre-emploi-senegal/coordonnateur-plateforme-digitale-dakar-1397234
,,,,"Niveau d'expérience, : ,Expérience entre 2 ans et 5 ans,Niveau d'expérience,,Expérience entre 2 ans et 5 ans",,,,jobs,Administrateur(trice) des ventes - Dakar / Rufisque ,https://www.emploisenegal.com/offre-emploi-senegal/administrateurtrice-ventes-dakar-rufisque-1398884
,,,,"Niveau d'expérience, : ,Expérience entre 2 ans et 5 ans - Expérience entre 5 ans et 10 ans - Expérience > 10 ans,Niveau d'expérience,,Expérience entre 2 ans et 5 ans - Expérience entre 5 ans et 10 ans - Expérience > 10 ans",,,,jobs,Responsable des cuisines - Tambacounda,https://www.emploisenegal.com/offre-emploi-senegal/responsable-cuisines-tambacounda-1399135
,,,,"Niveau d'expérience, : ,Expérience entre 2 ans et 5 ans - Expérience entre 5 ans et 10 ans - Expérience > 10 ans,Niveau d'expérience,,Expérience entre 2 ans et 5 ans - Expérience entre 5 ans et 10 ans - Expérience > 10 ans",,,,jobs,Formateurs Professionnels - Dakar,https://www.emploisenegal.com/offre-emploi-senegal/formateurs-professionnels-dakar-1399977
,,,,"Niveau d'expérience, : ,Expérience entre 2 ans et 5 ans,Niveau d'expérience,,Expérience entre 2 ans et 5 ans",,,,jobs,Community Manager - Dakar / Rufisque,https://www.emploisenegal.com/offre-emploi-senegal/community-manager-dakar-rufisque-1400431
,,,,"Niveau d'expérience, : ,Expérience entre 2 ans et 5 ans - Expérience entre 5 ans et 10 ans - Expérience > 10 ans,Niveau d'expérience,,Expérience entre 2 ans et 5 ans - Expérience entre 5 ans et 10 ans - Expérience > 10 ans",,,,jobs,Commercial Secteur BTP - Dakar,https://www.emploisenegal.com/offre-emploi-senegal/commercial-secteur-btp-dakar-1400263
,,,,"Niveau d'expérience, : ,Débutant < 2 ans - Expérience entre 2 ans et 5 ans,Niveau d'expérience,,Débutant < 2 ans - Expérience entre 2 ans et 5 ans",,,,jobs,Agent Administratif et D’Accueil  - Dakar,https://www.emploisenegal.com/offre-emploi-senegal/agent-administratif-accueil-dakar-1400519
,,,,"Niveau d'expérience, : ,Débutant < 2 ans - Expérience entre 2 ans et 5 ans - Expérience entre 5 ans et 10 ans - Expérience > 10 ans,Niveau d'expérience,,Débutant < 2 ans - Expérience entre 2 ans et 5 ans - Expérience entre 5 ans et 10 ans - Expérience > 10 ans",,,,jobs,Comptable Immobilier - Yoff Apecsy,https://www.emploisenegal.com/offre-emploi-senegal/comptable-immobilier-yoff-apecsy-1400762
,,,,"Niveau d'expérience, : ,Etudiant, jeune diplômé - Débutant < 2 ans - Expérience entre 2 ans et 5 ans - Expérience entre 5 ans et 10 ans - Expérience > 10 ans,Niveau d'expérience,,Etudiant, jeune diplômé - Débutant < 2 ans - Expérience entre 2 ans et 5 ans - Expérience entre 5 ans et 10 ans - Expérience > 10 ans",,,,jobs,Commerciaux  - Dakar,https://www.emploisenegal.com/offre-emploi-senegal/commerciaux-dakar-1400808
,,,,"Niveau d'expérience, : ,Expérience entre 2 ans et 5 ans - Expérience entre 5 ans et 10 ans - Expérience > 10 ans,Niveau d'expérience,,Expérience entre 2 ans et 5 ans - Expérience entre 5 ans et 10 ans - Expérience > 10 ans",,,,jobs,Commercial(e)  - Dakar,https://www.emploisenegal.com/offre-emploi-senegal/commerciale-dakar-1396212
,,,,"Niveau d'expérience, : ,Expérience entre 5 ans et 10 ans - Expérience > 10 ans,Niveau d'expérience,,Expérience entre 5 ans et 10 ans - Expérience > 10 ans",,,,jobs,Responsable Administratif et Financier (RAF) - Saint Louis,https://www.emploisenegal.com/offre-emploi-senegal/responsable-administratif-financier-raf-saint-louis-1400970
,,,,"Niveau d'expérience, : ,Débutant < 2 ans - Expérience entre 2 ans et 5 ans - Expérience entre 5 ans et 10 ans - Expérience > 10 ans,Niveau d'expérience,,Débutant < 2 ans - Expérience entre 2 ans et 5 ans - Expérience entre 5 ans et 10 ans - Expérience > 10 ans",,,,jobs,Ingénieur Développeur Fullstack - Dakar,https://www.emploisenegal.com/offre-emploi-senegal/ingenieur-developpeur-fullstack-dakar-1400986
,,,,"Niveau d'expérience, : ,Expérience entre 5 ans et 10 ans - Expérience > 10 ans,Niveau d'expérience,,Expérience entre 5 ans et 10 ans - Expérience > 10 ans",,,,jobs,Directeur D’Exploitation - Saint-Louis,https://www.emploisenegal.com/offre-emploi-senegal/directeur-exploitation-saint-louis-1400991
,,,,"Niveau d'expérience, : ,Expérience entre 5 ans et 10 ans - Expérience > 10 ans,Niveau d'expérience,,Expérience entre 5 ans et 10 ans - Expérience > 10 ans",,,,jobs,Chef Cuisinier - Saint-Louis,https://www.emploisenegal.com/offre-emploi-senegal/chef-cuisinier-saint-louis-1400992
,,,,"Niveau d'expérience, : ,Etudiant, jeune diplômé - Débutant < 2 ans - Expérience entre 2 ans et 5 ans,Niveau d'expérience,,Etudiant, jeune diplômé - Débutant < 2 ans - Expérience entre 2 ans et 5 ans",,,,jobs,"Responsable Administratif(ve) - Gandigal, Route de M'bour",https://www.emploisenegal.com/offre-emploi-senegal/responsable-administratifve-gandigal-route-m-bour-1401851
,,,,"Niveau d'expérience, : ,Débutant < 2 ans - Expérience entre 2 ans et 5 ans - Expérience entre 5 ans et 10 ans - Expérience > 10 ans,Niveau d'expérience,,Débutant < 2 ans - Expérience entre 2 ans et 5 ans - Expérience entre 5 ans et 10 ans - Expérience > 10 ans",,,,jobs,Assistante de direction  - Dakar,https://www.emploisenegal.com/offre-emploi-senegal/assistante-direction-dakar-1391049
,,,,"Niveau d'expérience, : ,Etudiant, jeune diplômé - Débutant < 2 ans - Expérience entre 2 ans et 5 ans - Expérience entre 5 ans et 10 ans - Expérience > 10 ans,Niveau d'expérience,,Etudiant, jeune diplômé - Débutant < 2 ans - Expérience entre 2 ans et 5 ans - Expérience entre 5 ans et 10 ans - Expérience > 10 ans",,,,jobs,Technico-Commercial Informatique Spécialisé en Digitalisation (H/F) - Dakar,https://www.emploisenegal.com/offre-emploi-senegal/technico-commercial-informatique-specialise-digitalisation-hf-dakar-1402692
,,,,"Niveau d'expérience, : ,Expérience entre 2 ans et 5 ans - Expérience entre 5 ans et 10 ans - Expérience > 10 ans,Niveau d'expérience,,Expérience entre 2 ans et 5 ans - Expérience entre 5 ans et 10 ans - Expérience > 10 ans",,,,jobs,Recherche de deal-makers francophones pour un réseau social start-up - Remote,https://www.emploisenegal.com/offre-emploi-senegal/recherche-deal-makers-francophones-reseau-social-start-up-remote-1402502
,,,,"Niveau d'expérience, : ,Débutant < 2 ans - Expérience entre 2 ans et 5 ans - Expérience entre 5 ans et 10 ans - Expérience > 10 ans,Niveau d'expérience,,Débutant < 2 ans - Expérience entre 2 ans et 5 ans - Expérience entre 5 ans et 10 ans - Expérience > 10 ans",,,,jobs,Développeur Web et Applicatif - Dakar,https://www.emploisenegal.com/offre-emploi-senegal/developpeur-web-applicatif-dakar-1402688
,,,,"Niveau d'expérience, : ,Expérience entre 2 ans et 5 ans - Expérience entre 5 ans et 10 ans - Expérience > 10 ans,Niveau d'expérience,,Expérience entre 2 ans et 5 ans - Expérience entre 5 ans et 10 ans - Expérience > 10 ans",,,,jobs,Chargé logistique  - Dakar,https://www.emploisenegal.com/offre-emploi-senegal/charge-logistique-dakar-1403764
,,,,"Niveau d'expérience, : ,Expérience entre 2 ans et 5 ans - Expérience entre 5 ans et 10 ans - Expérience > 10 ans,Niveau d'expérience,,Expérience entre 2 ans et 5 ans - Expérience entre 5 ans et 10 ans - Expérience > 10 ans",,,,jobs,Chef de Partie Confirme  - Tambacounda,https://www.emploisenegal.com/offre-emploi-senegal/chef-partie-confirme-tambacounda-1403301
,,,,"Niveau d'expérience, : ,Expérience entre 2 ans et 5 ans - Expérience entre 5 ans et 10 ans - Expérience > 10 ans,Niveau d'expérience,,Expérience entre 2 ans et 5 ans - Expérience entre 5 ans et 10 ans - Expérience > 10 ans",,,,jobs,Chargé(e) Logistique - Dakar,https://www.emploisenegal.com/offre-emploi-senegal/chargee-logistique-dakar-1403333
,,,,"Niveau d'expérience, : ,Expérience entre 2 ans et 5 ans - Expérience entre 5 ans et 10 ans - Expérience > 10 ans,Niveau d'expérience,,Expérience entre 2 ans et 5 ans - Expérience entre 5 ans et 10 ans - Expérience > 10 ans",,,,jobs,Commercial Bilingue - Matériaux de Construction (H/F) - Dakar,https://www.emploisenegal.com/offre-emploi-senegal/commercial-bilingue-materiaux-construction-hf-dakar-1403818
,,,,"Niveau d'expérience, : ,Expérience entre 2 ans et 5 ans - Expérience entre 5 ans et 10 ans - Expérience > 10 ans,Niveau d'expérience,,Expérience entre 2 ans et 5 ans - Expérience entre 5 ans et 10 ans - Expérience > 10 ans",,,,jobs,Superviseur de documentation (H/F) - Dakar,https://www.emploisenegal.com/offre-emploi-senegal/superviseur-documentation-hf-dakar-1403836
,,,,"Niveau d'expérience, : ,Expérience entre 2 ans et 5 ans - Expérience entre 5 ans et 10 ans - Expérience > 10 ans,Niveau d'expérience,,Expérience entre 2 ans et 5 ans - Expérience entre 5 ans et 10 ans - Expérience > 10 ans",,,,jobs,Superviseur Commercial (H/F) - Dakar,https://www.emploisenegal.com/offre-emploi-senegal/superviseur-commercial-hf-dakar-1403856
,,,,"Niveau d'expérience, : ,Etudiant, jeune diplômé - Débutant < 2 ans,Niveau d'expérience,,Etudiant, jeune diplômé - Débutant < 2 ans",,,,jobs,Stagiaire Technicien de Surface - Dakar,https://www.emploisenegal.com/offre-emploi-senegal/stagiaire-technicien-surface-dakar-1400198
,,,,"Niveau d'expérience, : ,Expérience entre 5 ans et 10 ans - Expérience > 10 ans,Niveau d'expérience,,Expérience entre 5 ans et 10 ans - Expérience > 10 ans",,,,jobs,Architecte – Promotion Immobilière et Hôtelière - Dakar,https://www.emploisenegal.com/offre-emploi-senegal/architecte-promotion-immobiliere-hoteliere-dakar-1404720
,,,,"Niveau d'expérience, : ,Etudiant, jeune diplômé - Débutant < 2 ans - Expérience entre 2 ans et 5 ans - Expérience entre 5 ans et 10 ans - Expérience > 10 ans,Niveau d'expérience,,Etudiant, jeune diplômé - Débutant < 2 ans - Expérience entre 2 ans et 5 ans - Expérience entre 5 ans et 10 ans - Expérience > 10 ans",,,,jobs,Vendeur - Dakar,https://www.emploisenegal.com/offre-emploi-senegal/vendeur-dakar-1404937
,,,,"Niveau d'expérience, : ,Expérience entre 2 ans et 5 ans - Expérience entre 5 ans et 10 ans - Expérience > 10 ans,Niveau d'expérience,,Expérience entre 2 ans et 5 ans - Expérience entre 5 ans et 10 ans - Expérience > 10 ans",,,,jobs,Commercial(e) - Dakar,https://www.emploisenegal.com/offre-emploi-senegal/commerciale-dakar-1404949
,,,,"Niveau d'expérience, : ,Expérience entre 5 ans et 10 ans - Expérience > 10 ans,Niveau d'expérience,,Expérience entre 5 ans et 10 ans - Expérience > 10 ans",,,,jobs,Responsable Commercial - Dakar,https://www.emploisenegal.com/offre-emploi-senegal/responsable-commercial-dakar-1404933
,,,,"Niveau d'expérience, : ,Expérience entre 2 ans et 5 ans - Expérience entre 5 ans et 10 ans - Expérience > 10 ans,Niveau d'expérience,,Expérience entre 2 ans et 5 ans - Expérience entre 5 ans et 10 ans - Expérience > 10 ans",,,,jobs,Responsable Communication et Marketing - Dakar,https://www.emploisenegal.com/offre-emploi-senegal/responsable-communication-marketing-dakar-1404716
,,,,"Niveau d'expérience, : ,Etudiant, jeune diplômé - Débutant < 2 ans - Expérience entre 2 ans et 5 ans - Expérience entre 5 ans et 10 ans - Expérience > 10 ans,Niveau d'expérience,,Etudiant, jeune diplômé - Débutant < 2 ans - Expérience entre 2 ans et 5 ans - Expérience entre 5 ans et 10 ans - Expérience > 10 ans",,,,jobs,Alternant(e) Data Analyst (H/F) –  Analyse et Visualis - Fontenay-sous-Bois,https://www.emploisenegal.com/offre-emploi-senegal/alternante-data-analyst-hf-analyse-visualis-fontenay-sous-bois-1356457
,,,,"Niveau d'expérience, : ,Etudiant, jeune diplômé - Débutant < 2 ans - Expérience entre 2 ans et 5 ans - Expérience entre 5 ans et 10 ans - Expérience > 10 ans,Niveau d'expérience,,Etudiant, jeune diplômé - Débutant < 2 ans - Expérience entre 2 ans et 5 ans - Expérience entre 5 ans et 10 ans - Expérience > 10 ans",,,,jobs,Alternant(e) Data Scientist (F/H) - Analyse et Modèles Prédictifs - Fontenay-sous-Bois,https://www.emploisenegal.com/offre-emploi-senegal/alternante-data-scientist-fh-analyse-modeles-predictifs-fontenay-sous-bois
,,,,"Niveau d'expérience, : ,Etudiant, jeune diplômé - Débutant < 2 ans - Expérience entre 2 ans et 5 ans - Expérience entre 5 ans et 10 ans - Expérience > 10 ans,Niveau d'expérience,,Etudiant, jeune diplômé - Débutant < 2 ans - Expérience entre 2 ans et 5 ans - Expérience entre 5 ans et 10 ans - Expérience > 10 ans",,,,jobs,Alternant(e) Technico-Commercial(e) BtoB - Fontenay-sous-Bois,https://www.emploisenegal.com/offre-emploi-senegal/alternance-technico-commercial-hf-specialisation-btob-btech024-fontenay-sous
,,,,"Niveau d'expérience, : ,Débutant < 2 ans - Expérience entre 2 ans et 5 ans - Expérience entre 5 ans et 10 ans - Expérience > 10 ans,Niveau d'expérience,,Débutant < 2 ans - Expérience entre 2 ans et 5 ans - Expérience entre 5 ans et 10 ans - Expérience > 10 ans",,,,jobs,Assistante / Réceptionniste Bilingue  - Dakar,https://www.emploisenegal.com/offre-emploi-senegal/assistante-receptionniste-bilingue-dakar-1404939
,,,,"Niveau d'expérience, : ,Etudiant, jeune diplômé - Débutant < 2 ans - Expérience entre 2 ans et 5 ans - Expérience entre 5 ans et 10 ans - Expérience > 10 ans,Niveau d'expérience,,Etudiant, jeune diplômé - Débutant < 2 ans - Expérience entre 2 ans et 5 ans - Expérience entre 5 ans et 10 ans - Expérience > 10 ans",,,,jobs,Offre de Stage – Journaliste Sportif  - Dakar/ Mariste,https://www.emploisenegal.com/offre-emploi-senegal/offre-stage-journaliste-sportif-dakar-mariste-1405126
,,,,"Niveau d'expérience, : ,Débutant < 2 ans - Expérience entre 2 ans et 5 ans - Expérience entre 5 ans et 10 ans - Expérience > 10 ans,Niveau d'expérience,,Débutant < 2 ans - Expérience entre 2 ans et 5 ans - Expérience entre 5 ans et 10 ans - Expérience > 10 ans",,,,jobs,Commercial(e) Télévendeur(euse) - Télétravail - Télé Travail,https://www.emploisenegal.com/offre-emploi-senegal/commerciale-televendeureuse-teletravail-tele-travail-1400270
,,,,"Niveau d'expérience, : ,Expérience entre 2 ans et 5 ans,Niveau d'expérience,,Expérience entre 2 ans et 5 ans",,,,jobs,Commercial - Dakar,https://www.emploisenegal.com/offre-emploi-senegal/commercial-dakar-1400304
,,,,"Niveau d'expérience, : ,Expérience entre 2 ans et 5 ans - Expérience entre 5 ans et 10 ans - Expérience > 10 ans,Niveau d'expérience,,Expérience entre 2 ans et 5 ans - Expérience entre 5 ans et 10 ans - Expérience > 10 ans",,,,jobs,Developpeur Wordpress - Télétravail - Télé Travail,https://www.emploisenegal.com/offre-emploi-senegal/developpeur-wordpress-teletravail-tele-travail-1400291
,,,,"Niveau d'expérience, : ,Expérience entre 2 ans et 5 ans - Expérience entre 5 ans et 10 ans - Expérience > 10 ans,Niveau d'expérience,,Expérience entre 2 ans et 5 ans - Expérience entre 5 ans et 10 ans - Expérience > 10 ans",,,,jobs,Chef de Projet Wordpress - Dakar,https://www.emploisenegal.com/offre-emploi-senegal/chef-projet-wordpress-dakar-1400252
,,,,"Niveau d'expérience, : ,Etudiant, jeune diplômé,Niveau d'expérience,,Etudiant, jeune diplômé",,,,jobs,Téléconseiller - Saint-Louis,https://www.emploisenegal.com/offre-emploi-senegal/teleconseiller-saint-louis-1405313
,,,,"Niveau d'expérience, : ,Débutant < 2 ans - Expérience entre 2 ans et 5 ans - Expérience entre 5 ans et 10 ans - Expérience > 10 ans,Niveau d'expérience,,Débutant < 2 ans - Expérience entre 2 ans et 5 ans - Expérience entre 5 ans et 10 ans - Expérience > 10 ans",,,,jobs,Commercial / Business Developer - Dakar,https://www.emploisenegal.com/offre-emploi-senegal/commercial-business-developer-dakar-1405413
,,,,"Niveau d'expérience, : ,Expérience > 10 ans,Niveau d'expérience,,Expérience > 10 ans",,,,jobs,Directeur d'Exploitation de Complexe Hôtelier - Lomé,https://www.emploisenegal.com/offre-emploi-senegal/directeur-exploitation-complexe-hotelier-lome-1404511
,,,,"Niveau d'expérience, : ,Débutant < 2 ans - Expérience entre 2 ans et 5 ans - Expérience entre 5 ans et 10 ans - Expérience > 10 ans,Niveau d'expérience,,Débutant < 2 ans - Expérience entre 2 ans et 5 ans - Expérience entre 5 ans et 10 ans - Expérience > 10 ans",,,,jobs,Télévendeur Expérimenté - Dakar,https://www.emploisenegal.com/offre-emploi-senegal/televendeur-experimente-dakar-1376362
,,,,"Niveau d'expérience, : ,Expérience entre 2 ans et 5 ans - Expérience entre 5 ans et 10 ans - Expérience > 10 ans,Niveau d'expérience,,Expérience entre 2 ans et 5 ans - Expérience entre 5 ans et 10 ans - Expérience > 10 ans",,,,jobs,Responsable Technique - Dakar,https://www.emploisenegal.com/offre-emploi-senegal/responsable-technique-dakar-1381813
,,,,"Niveau d'expérience, : ,Expérience > 10 ans,Niveau d'expérience,,Expérience > 10 ans",,,,jobs,Formateur Expérimenté - Dakar,https://www.emploisenegal.com/offre-emploi-senegal/formateur-experimente-dakar-1383044
,,,,"Niveau d'expérience, : ,Expérience entre 2 ans et 5 ans - Expérience entre 5 ans et 10 ans - Expérience > 10 ans,Niveau d'expérience,,Expérience entre 2 ans et 5 ans - Expérience entre 5 ans et 10 ans - Expérience > 10 ans",,,,jobs,Comptable (H/F) - Dakar,https://www.emploisenegal.com/offre-emploi-senegal/comptable-hf-dakar-1400854
,,,,"Niveau d'expérience, : ,Expérience entre 2 ans et 5 ans - Expérience entre 5 ans et 10 ans - Expérience > 10 ans,Niveau d'expérience,,Expérience entre 2 ans et 5 ans - Expérience entre 5 ans et 10 ans - Expérience > 10 ans",,,,jobs,Expert SEO et GEO  - Télétravail ,https://www.emploisenegal.com/offre-emploi-senegal/expert-seo-geo-teletravail-1400735
,,,,"Niveau d'expérience, : ,Expérience entre 5 ans et 10 ans - Expérience > 10 ans,Niveau d'expérience,,Expérience entre 5 ans et 10 ans - Expérience > 10 ans",,,,jobs,Développeur Drupal Senior (H/F) - Dakar,https://www.emploisenegal.com/offre-emploi-senegal/developpeur-drupal-senior-hf-dakar-1377358
,,,,"Niveau d'expérience, : ,Expérience entre 5 ans et 10 ans - Expérience > 10 ans,Niveau d'expérience,,Expérience entre 5 ans et 10 ans - Expérience > 10 ans",,,,jobs,Développeur Front-End Sénior React Native (H/F) - Dakar,https://www.emploisenegal.com/offre-emploi-senegal/developpeur-front-end-senior-react-native-hf-dakar-1380294
,,,,"Niveau d'expérience, : ,Expérience entre 5 ans et 10 ans,Niveau d'expérience,,Expérience entre 5 ans et 10 ans",,,,jobs,Lead Développeur Java JEE (H/F),https://www.emploisenegal.com/offre-emploi-senegal/lead-developpeur-java-jee-hf-1121537
,,,,"Niveau d'expérience, : ,Expérience entre 2 ans et 5 ans,Niveau d'expérience,,Expérience entre 2 ans et 5 ans",,,,jobs,Consultant SAP MM/SD/EWM/PP/QM/CAR (H/F),https://www.emploisenegal.com/offre-emploi-senegal/consultant-sap-mmsdewmppqmcar-hf-1121536
,,,,"Niveau d'expérience, : ,Expérience entre 2 ans et 5 ans,Niveau d'expérience,,Expérience entre 2 ans et 5 ans",,,,jobs,Consultant SAP Senior (H/F) ,https://www.emploisenegal.com/offre-emploi-senegal/consultant-sap-senior-hf-1121535
,,,,"Niveau d'expérience, : ,Expérience entre 2 ans et 5 ans,Niveau d'expérience,,Expérience entre 2 ans et 5 ans",,,,jobs,Consultant SAP EHS (H/F),https://www.emploisenegal.com/offre-emploi-senegal/consultant-sap-ehs-hf-1121534
,,,,"Niveau d'expérience, : ,Expérience entre 2 ans et 5 ans,Niveau d'expérience,,Expérience entre 2 ans et 5 ans",,,,jobs,Consultant SAP FI-CO/PS (H/F),https://www.emploisenegal.com/offre-emploi-senegal/consultant-sap-fi-cops-hf-1121533
,,,,"Niveau d'expérience, : ,Expérience entre 2 ans et 5 ans,Niveau d'expérience,,Expérience entre 2 ans et 5 ans",,,,jobs,Consultant SAP ABAP (H/F),https://www.emploisenegal.com/offre-emploi-senegal/consultant-sap-abap-hf-1121532
,,,,"Niveau d'expérience, : ,Expérience entre 5 ans et 10 ans,Niveau d'expérience,,Expérience entre 5 ans et 10 ans",,,,jobs,Ingénieur Système Z/OS Middleware (H/F),https://www.emploisenegal.com/offre-emploi-senegal/ingenieur-systeme-zos-middleware-hf-1085966
,,,,"Niveau d'expérience, : ,Expérience entre 5 ans et 10 ans,Niveau d'expérience,,Expérience entre 5 ans et 10 ans",,,,jobs,Z/OS System Engineer Senior Storage(H/F),https://www.emploisenegal.com/offre-emploi-senegal/zos-system-engineer-senior-storagehf-1085965
,,,,"Niveau d'expérience, : ,Expérience entre 5 ans et 10 ans,Niveau d'expérience,,Expérience entre 5 ans et 10 ans",,,,jobs,DBA IMS/DB2 Z/OS(H/F),https://www.emploisenegal.com/offre-emploi-senegal/dba-imsdb2-zoshf-1085964
,,,,"Niveau d'expérience, : ,Expérience entre 5 ans et 10 ans,Niveau d'expérience,,Expérience entre 5 ans et 10 ans",,,,jobs,Network Architect (M/F),https://www.emploisenegal.com/offre-emploi-senegal/network-architect-mf-1085963
,,,,"Niveau d'expérience, : ,Expérience entre 5 ans et 10 ans,Niveau d'expérience,,Expérience entre 5 ans et 10 ans",,,,jobs,GENESYS Architect (M/F),https://www.emploisenegal.com/offre-emploi-senegal/genesys-architect-mf-1085962
,,,,"Niveau d'expérience, : ,Expérience entre 5 ans et 10 ans,Niveau d'expérience,,Expérience entre 5 ans et 10 ans",,,,jobs,DATASTAGE Architect (M/F),https://www.emploisenegal.com/offre-emploi-senegal/datastage-architect-mf-1085961
,,,,"Niveau d'expérience, : ,Expérience entre 5 ans et 10 ans,Niveau d'expérience,,Expérience entre 5 ans et 10 ans",,,,jobs,Cyber Security Engineer (M/F),https://www.emploisenegal.com/offre-emploi-senegal/cyber-security-engineer-mf-1085960
,,,,"Niveau d'expérience, : ,Expérience entre 5 ans et 10 ans,Niveau d'expérience,,Expérience entre 5 ans et 10 ans",,,,jobs,Cloud System Integrator (M/F),https://www.emploisenegal.com/offre-emploi-senegal/cloud-system-integrator-mf-1085959
,,,,"Niveau d'expérience, : ,Expérience entre 5 ans et 10 ans,Niveau d'expérience,,Expérience entre 5 ans et 10 ans",,,,jobs,Cloud System Administrator (M/F),https://www.emploisenegal.com/offre-emploi-senegal/cloud-system-administrator-mf-1085958
,,,,"Niveau d'expérience, : ,Expérience entre 5 ans et 10 ans,Niveau d'expérience,,Expérience entre 5 ans et 10 ans",,,,jobs,Cloud Microservices Architect (M/F),https://www.emploisenegal.com/offre-emploi-senegal/cloud-microservices-architect-mf-1085957
,,,,"Niveau d'expérience, : ,Expérience entre 5 ans et 10 ans,Niveau d'expérience,,Expérience entre 5 ans et 10 ans",,,,jobs,Cloud Engineer (M/F),https://www.emploisenegal.com/offre-emploi-senegal/cloud-engineer-mf-1085956
,,,,"Niveau d'expérience, : ,Expérience entre 5 ans et 10 ans,Niveau d'expérience,,Expérience entre 5 ans et 10 ans",,,,jobs,Cloud Architect (M/F),https://www.emploisenegal.com/offre-emploi-senegal/cloud-architect-mf-1085954
,,,,"Niveau d'expérience, : ,Expérience entre 5 ans et 10 ans,Niveau d'expérience,,Expérience entre 5 ans et 10 ans",,,,jobs,AZURE Solutions Architect (M/F),https://www.emploisenegal.com/offre-emploi-senegal/azure-solutions-architect-mf-1085953
,,,,"Niveau d'expérience, : ,Expérience entre 5 ans et 10 ans,Niveau d'expérience,,Expérience entre 5 ans et 10 ans",,,,jobs,AWS Solutions Architect (M/F),https://www.emploisenegal.com/offre-emploi-senegal/aws-solutions-architect-mf-1085952
,,,,"Niveau d'expérience, : ,Expérience entre 5 ans et 10 ans,Niveau d'expérience,,Expérience entre 5 ans et 10 ans",,,,jobs,AWS Cloud Architect (M/F),https://www.emploisenegal.com/offre-emploi-senegal/aws-cloud-architect-mf-1085951
,,,,"Niveau d'expérience, : ,Expérience entre 5 ans et 10 ans,Niveau d'expérience,,Expérience entre 5 ans et 10 ans",,,,jobs,UX / UI Designer (M/F),https://www.emploisenegal.com/offre-emploi-senegal/ux-ui-designer-mf-1085950
,,,,"Niveau d'expérience, : ,Expérience entre 5 ans et 10 ans,Niveau d'expérience,,Expérience entre 5 ans et 10 ans",,,,jobs,Test Automation Engineer (M/F),https://www.emploisenegal.com/offre-emploi-senegal/test-automation-engineer-mf-1085949
,,,,"Niveau d'expérience, : ,Expérience entre 5 ans et 10 ans,Niveau d'expérience,,Expérience entre 5 ans et 10 ans",,,,jobs,Test and Validation Engineer (M/F),https://www.emploisenegal.com/offre-emploi-senegal/test-validation-engineer-mf-1085948
,,,,"Niveau d'expérience, : ,Expérience entre 5 ans et 10 ans,Niveau d'expérience,,Expérience entre 5 ans et 10 ans",,,,jobs,SWIFT Developer (M/F),https://www.emploisenegal.com/offre-emploi-senegal/swift-developer-mf-1085947
,,,,"Niveau d'expérience, : ,Expérience entre 5 ans et 10 ans,Niveau d'expérience,,Expérience entre 5 ans et 10 ans",,,,jobs,RUBY ON RAILS Developer (M/F),https://www.emploisenegal.com/offre-emploi-senegal/ruby-on-rails-developer-mf-1085946
,,,,"Niveau d'expérience, : ,Expérience entre 5 ans et 10 ans,Niveau d'expérience,,Expérience entre 5 ans et 10 ans",,,,jobs,REACT Developer (M/F),https://www.emploisenegal.com/offre-emploi-senegal/react-developer-mf-1085945
,,,,"Niveau d'expérience, : ,Expérience entre 5 ans et 10 ans,Niveau d'expérience,,Expérience entre 5 ans et 10 ans",,,,jobs,QA Tester (M/F),https://www.emploisenegal.com/offre-emploi-senegal/qa-tester-mf-1085944
,,,,"Niveau d'expérience, : ,Expérience entre 5 ans et 10 ans,Niveau d'expérience,,Expérience entre 5 ans et 10 ans",,,,jobs,PYTHON Developer (M/F),https://www.emploisenegal.com/offre-emploi-senegal/python-developer-mf-1085943
,,,,"Niveau d'expérience, : ,Expérience entre 5 ans et 10 ans,Niveau d'expérience,,Expérience entre 5 ans et 10 ans",,,,jobs,PHP Developer (M/F),https://www.emploisenegal.com/offre-emploi-senegal/php-developer-mf-1085942
,,,,"Niveau d'expérience, : ,Expérience entre 5 ans et 10 ans,Niveau d'expérience,,Expérience entre 5 ans et 10 ans",,,,jobs,OBJECTIVE-C Developer (M/F),https://www.emploisenegal.com/offre-emploi-senegal/objective-c-developer-mf-1085941
,,,,"Niveau d'expérience, : ,Expérience entre 5 ans et 10 ans,Niveau d'expérience,,Expérience entre 5 ans et 10 ans",,,,jobs,NODE.JS Developer (M/F),https://www.emploisenegal.com/offre-emploi-senegal/nodejs-developer-mf-1085940
,,,,"Niveau d'expérience, : ,Expérience entre 5 ans et 10 ans,Niveau d'expérience,,Expérience entre 5 ans et 10 ans",,,,jobs,LARAVEL Developer (M/F),https://www.emploisenegal.com/offre-emploi-senegal/laravel-developer-mf-1085939
,,,,"Niveau d'expérience, : ,Expérience entre 5 ans et 10 ans,Niveau d'expérience,,Expérience entre 5 ans et 10 ans",,,,jobs,KOTLIN Developer (M/F),https://www.emploisenegal.com/offre-emploi-senegal/kotlin-developer-mf-1085938
,,,,"Niveau d'expérience, : ,Expérience entre 5 ans et 10 ans,Niveau d'expérience,,Expérience entre 5 ans et 10 ans",,,,jobs,JAVASCRIPT Developer (M/F),https://www.emploisenegal.com/offre-emploi-senegal/javascript-developer-mf-1085937
,,,,"Niveau d'expérience, : ,Expérience entre 5 ans et 10 ans,Niveau d'expérience,,Expérience entre 5 ans et 10 ans",,,,jobs,JAVA JEE Developer (M/F),https://www.emploisenegal.com/offre-emploi-senegal/java-jee-developer-mf-1085936
,,,,"Niveau d'expérience, : ,Expérience entre 5 ans et 10 ans,Niveau d'expérience,,Expérience entre 5 ans et 10 ans",,,,jobs,JAVA Developer (M/F),https://www.emploisenegal.com/offre-emploi-senegal/java-developer-mf-1085935
,,,,"Niveau d'expérience, : ,Expérience entre 5 ans et 10 ans,Niveau d'expérience,,Expérience entre 5 ans et 10 ans",,,,jobs,IOS Developer (M/F),https://www.emploisenegal.com/offre-emploi-senegal/ios-developer-mf-1085934
,,,,"Niveau d'expérience, : ,Expérience entre 5 ans et 10 ans,Niveau d'expérience,,Expérience entre 5 ans et 10 ans",,,,jobs,DOTNET Developer (M/F),https://www.emploisenegal.com/offre-emploi-senegal/dotnet-developer-mf-1085933
,,,,"Niveau d'expérience, : ,Expérience entre 5 ans et 10 ans,Niveau d'expérience,,Expérience entre 5 ans et 10 ans",,,,jobs,DevOps Engineer (M/F),https://www.emploisenegal.com/offre-emploi-senegal/devops-engineer-mf-1085932
,,,,"Niveau d'expérience, : ,Expérience entre 5 ans et 10 ans,Niveau d'expérience,,Expérience entre 5 ans et 10 ans",,,,jobs,ANGULAR Developer (M/F),https://www.emploisenegal.com/offre-emploi-senegal/angular-developer-mf-1085931
,,,,"Niveau d'expérience, : ,Etudiant, jeune diplômé - Débutant < 2 ans - Expérience entre 2 ans et 5 ans - Expérience entre 5 ans et 10 ans - Expérience > 10 ans,Niveau d'expérience,,Etudiant, jeune diplômé - Débutant < 2 ans - Expérience entre 2 ans et 5 ans - Expérience entre 5 ans et 10 ans - Expérience > 10 ans",,,,jobs,Commercial Dynamique - Dakar,https://www.emploisenegal.com/offre-emploi-senegal/commercial-dynamique-dakar-dakar-1406952
,,,,"Niveau d'expérience, : ,Expérience entre 5 ans et 10 ans - Expérience > 10 ans,Niveau d'expérience,,Expérience entre 5 ans et 10 ans - Expérience > 10 ans",,,,jobs,Ingénieur Calcul de Structure Maçonnerie et Béton Armé  - Dakar,https://www.emploisenegal.com/offre-emploi-senegal/ingenieur-calcul-structure-maconnerie-beton-arme-dakar-1404775
,,,,"Niveau d'expérience, : ,Etudiant, jeune diplômé - Débutant < 2 ans,Niveau d'expérience,,Etudiant, jeune diplômé - Débutant < 2 ans",,,,jobs,Étudiant en Digital Marketing - Dakar,https://www.emploisenegal.com/offre-emploi-senegal/etudiant-digital-marketing-dakar-1236225
,,,,"Niveau d'expérience, : ,Etudiant, jeune diplômé,Niveau d'expérience,,Etudiant, jeune diplômé",,,,jobs,Stage Business Developper - Dakar,https://www.emploisenegal.com/offre-emploi-senegal/stage-business-developper-dakar-1404624
,,,,"Niveau d'expérience, : ,Etudiant, jeune diplômé,Niveau d'expérience,,Etudiant, jeune diplômé",,,,jobs,Formation - Insertion Centre d'Appels - Dakar,https://www.emploisenegal.com/offre-emploi-senegal/formation-insertion-centre-appels-dakar-1407899
,,,,"Niveau d'expérience, : ,Expérience entre 2 ans et 5 ans - Expérience entre 5 ans et 10 ans - Expérience > 10 ans,Niveau d'expérience,,Expérience entre 2 ans et 5 ans - Expérience entre 5 ans et 10 ans - Expérience > 10 ans",,,,jobs,Téléconseiller - Dakar,https://www.emploisenegal.com/offre-emploi-senegal/teleconseiller-dakar-1407900
,,,,"Niveau d'expérience, : ,Débutant < 2 ans - Expérience entre 2 ans et 5 ans - Expérience entre 5 ans et 10 ans - Expérience > 10 ans,Niveau d'expérience,,Débutant < 2 ans - Expérience entre 2 ans et 5 ans - Expérience entre 5 ans et 10 ans - Expérience > 10 ans",,,,jobs,Assistante Administrative et Comptable - Dakar,https://www.emploisenegal.com/offre-emploi-senegal/assistante-administrative-comptable-dakar-1194726
,,,,"Niveau d'expérience, : ,Expérience entre 5 ans et 10 ans,Niveau d'expérience,,Expérience entre 5 ans et 10 ans",,,,jobs,Stagiaire Community Manager H/F  - Ouakam,https://www.emploisenegal.com/offre-emploi-senegal/stagiaire-community-manager-hf-ouakam-948948
,,,,"Niveau d'expérience, : ,Débutant < 2 ans - Expérience entre 2 ans et 5 ans,Niveau d'expérience,,Débutant < 2 ans - Expérience entre 2 ans et 5 ans",,,,jobs,"Freelance ou Stagiaire Marketing et Communication, Commercial H/F - Dakar",https://www.emploisenegal.com/offre-emploi-senegal/freelance-stagiaire-marketing-communication-commercial-hf-dakar-1409198
,,,,"Niveau d'expérience, : ,Expérience entre 2 ans et 5 ans - Expérience entre 5 ans et 10 ans - Expérience > 10 ans,Niveau d'expérience,,Expérience entre 2 ans et 5 ans - Expérience entre 5 ans et 10 ans - Expérience > 10 ans",,,,jobs,Testeur Fonctionnel Box IPTV / STB (H/F) - Dakar,https://www.emploisenegal.com/offre-emploi-senegal/testeur-fonctionnel-box-iptv-stb-hf-dakar-1408488
,,,,"Niveau d'expérience, : ,Expérience entre 2 ans et 5 ans - Expérience entre 5 ans et 10 ans - Expérience > 10 ans,Niveau d'expérience,,Expérience entre 2 ans et 5 ans - Expérience entre 5 ans et 10 ans - Expérience > 10 ans",,,,jobs,"Télévendeur(se) B2C/B2B Expérimenté(e), Bilingue, en Télétravail - Télétravail - International",https://www.emploisenegal.com/offre-emploi-senegal/televendeurse-b2cb2b-experimentee-bilingue-teletravail-teletravail
,,,,"Niveau d'expérience, : ,Débutant < 2 ans - Expérience entre 2 ans et 5 ans - Expérience entre 5 ans et 10 ans - Expérience > 10 ans,Niveau d'expérience,,Débutant < 2 ans - Expérience entre 2 ans et 5 ans - Expérience entre 5 ans et 10 ans - Expérience > 10 ans",,,,jobs,Community Manager - Dakar,https://www.emploisenegal.com/offre-emploi-senegal/community-manager-dakar-1404032
,,,,"Niveau d'expérience, : ,Expérience entre 2 ans et 5 ans - Expérience entre 5 ans et 10 ans - Expérience > 10 ans,Niveau d'expérience,,Expérience entre 2 ans et 5 ans - Expérience entre 5 ans et 10 ans - Expérience > 10 ans",,,,jobs,Vidéaste/Monteur Vidéo - Dakar,https://www.emploisenegal.com/offre-emploi-senegal/videastemonteur-video-dakar-1383663
,,,,"Niveau d'expérience, : ,Débutant < 2 ans - Expérience entre 2 ans et 5 ans - Expérience entre 5 ans et 10 ans - Expérience > 10 ans,Niveau d'expérience,,Débutant < 2 ans - Expérience entre 2 ans et 5 ans - Expérience entre 5 ans et 10 ans - Expérience > 10 ans",,,,jobs,Community Manager et Créateur de Contenu - Dakar: Sacré Cœur 2(Cité Keur Gorgui),https://www.emploisenegal.com/offre-emploi-senegal/community-manager-createur-contenu-dakar-sacre-coeur-2cite-keur-gorgui-1409522
,,,,"Niveau d'expérience, : ,Débutant < 2 ans - Expérience entre 2 ans et 5 ans,Niveau d'expérience,,Débutant < 2 ans - Expérience entre 2 ans et 5 ans",,,,jobs,Commercial(e) Agricole - Dakar,https://www.emploisenegal.com/offre-emploi-senegal/commerciale-agricole-dakar-1409552
,,,,"Niveau d'expérience, : ,Débutant < 2 ans,Niveau d'expérience,,Débutant < 2 ans",,,,jobs,Représentant du Service Client (H/F) - À Distance,https://www.emploisenegal.com/offre-emploi-senegal/representant-service-client-hf-distance-1404902
,,,,"Niveau d'expérience, : ,Expérience entre 2 ans et 5 ans,Niveau d'expérience,,Expérience entre 2 ans et 5 ans",,,,jobs,Responsable Stock Adjoint Matières Premières (H/F) - Dakar,https://www.emploisenegal.com/offre-emploi-senegal/responsable-stock-adjoint-matieres-premieres-hf-dakar-1404473
,,,,"Niveau d'expérience, : ,Expérience entre 2 ans et 5 ans - Expérience entre 5 ans et 10 ans - Expérience > 10 ans,Niveau d'expérience,,Expérience entre 2 ans et 5 ans - Expérience entre 5 ans et 10 ans - Expérience > 10 ans",,,,jobs,Gestionnaire - Dakar,https://www.emploisenegal.com/offre-emploi-senegal/gestionnaire-dakar-1311715
,,,,"Niveau d'expérience, : ,Expérience entre 2 ans et 5 ans - Expérience entre 5 ans et 10 ans - Expérience > 10 ans,Niveau d'expérience,,Expérience entre 2 ans et 5 ans - Expérience entre 5 ans et 10 ans - Expérience > 10 ans",,,,jobs,Comptable - Dakar,https://www.emploisenegal.com/offre-emploi-senegal/comptable-dakar-1203401
,,,,"Niveau d'expérience, : ,Etudiant, jeune diplômé - Débutant < 2 ans - Expérience entre 2 ans et 5 ans - Expérience entre 5 ans et 10 ans - Expérience > 10 ans,Niveau d'expérience,,Etudiant, jeune diplômé - Débutant < 2 ans - Expérience entre 2 ans et 5 ans - Expérience entre 5 ans et 10 ans - Expérience > 10 ans",,,,jobs, Télévendeur - Dakar,https://www.emploisenegal.com/offre-emploi-senegal/televendeur-dakar-1410032
,,,,"Niveau d'expérience, : ,Débutant < 2 ans - Expérience entre 2 ans et 5 ans - Expérience entre 5 ans et 10 ans - Expérience > 10 ans,Niveau d'expérience,,Débutant < 2 ans - Expérience entre 2 ans et 5 ans - Expérience entre 5 ans et 10 ans - Expérience > 10 ans",,,,jobs,Téléconseiller en Énergie - Dakar,https://www.emploisenegal.com/offre-emploi-senegal/teleconseiller-energie-dakar-1410042
,,,,"Niveau d'expérience, : ,Débutant < 2 ans - Expérience entre 2 ans et 5 ans - Expérience entre 5 ans et 10 ans - Expérience > 10 ans,Niveau d'expérience,,Débutant < 2 ans - Expérience entre 2 ans et 5 ans - Expérience entre 5 ans et 10 ans - Expérience > 10 ans",,,,jobs,Télévendeur - Dakar,https://www.emploisenegal.com/offre-emploi-senegal/televendeur-dakar-1410044
,,,,"Niveau d'expérience, : ,Expérience entre 5 ans et 10 ans - Expérience > 10 ans,Niveau d'expérience,,Expérience entre 5 ans et 10 ans - Expérience > 10 ans",,,,jobs,Assistant(e) de Direction Expérimenté(e) dans l'Évènementiel - Dakar,https://www.emploisenegal.com/offre-emploi-senegal/assistante-direction-experimentee-evenementiel-dakar-1395723
,,,,"Niveau d'expérience, : ,Etudiant, jeune diplômé,Niveau d'expérience,,Etudiant, jeune diplômé",,,,jobs,Formation - Insertion Centre d'Appels - Dakar,https://www.emploisenegal.com/offre-emploi-senegal/formation-insertion-centre-appels-dakar-1410626
,,,,"Niveau d'expérience, : ,Etudiant, jeune diplômé - Débutant < 2 ans - Expérience entre 2 ans et 5 ans - Expérience entre 5 ans et 10 ans - Expérience > 10 ans,Niveau d'expérience,,Etudiant, jeune diplômé - Débutant < 2 ans - Expérience entre 2 ans et 5 ans - Expérience entre 5 ans et 10 ans - Expérience > 10 ans",,,,jobs,Infirmier(e) - Ottawa,https://www.emploisenegal.com/offre-emploi-senegal/infirmiere-ottawa-1330618
,,,,"Niveau d'expérience, : ,Etudiant, jeune diplômé - Débutant < 2 ans,Niveau d'expérience,,Etudiant, jeune diplômé - Débutant < 2 ans",,,,jobs,Stagiaire Commercial - Dakar,https://www.emploisenegal.com/offre-emploi-senegal/stagiaire-commercial-dakar-1411594
,,,,"Niveau d'expérience, : ,Expérience entre 2 ans et 5 ans - Expérience entre 5 ans et 10 ans - Expérience > 10 ans,Niveau d'expérience,,Expérience entre 2 ans et 5 ans - Expérience entre 5 ans et 10 ans - Expérience > 10 ans",,,,jobs,Illustrator et Graphiste Expérimenté (Télétravail) - Télétravail,https://www.emploisenegal.com/offre-emploi-senegal/illustrator-graphiste-experimente-teletravail-teletravail-1406242
,,,,"Niveau d'expérience, : ,Expérience entre 2 ans et 5 ans - Expérience entre 5 ans et 10 ans - Expérience > 10 ans,Niveau d'expérience,,Expérience entre 2 ans et 5 ans - Expérience entre 5 ans et 10 ans - Expérience > 10 ans",,,,jobs,Télévendeur(se) Expérimenté(e) - Dakar,https://www.emploisenegal.com/offre-emploi-senegal/televendeurse-experimentee-dakar-1412233
,,,,"Niveau d'expérience, : ,Etudiant, jeune diplômé - Débutant < 2 ans - Expérience entre 2 ans et 5 ans - Expérience entre 5 ans et 10 ans - Expérience > 10 ans,Niveau d'expérience,,Etudiant, jeune diplômé - Débutant < 2 ans - Expérience entre 2 ans et 5 ans - Expérience entre 5 ans et 10 ans - Expérience > 10 ans",,,,jobs,Assistante Chargée des Réseaux Sociaux et Service Client - Dakar,https://www.emploisenegal.com/offre-emploi-senegal/assistante-chargee-reseaux-sociaux-service-client-dakar-1390493
,,,,"Niveau d'expérience, : ,Expérience entre 2 ans et 5 ans - Expérience entre 5 ans et 10 ans - Expérience > 10 ans,Niveau d'expérience,,Expérience entre 2 ans et 5 ans - Expérience entre 5 ans et 10 ans - Expérience > 10 ans",,,,jobs,Chauffeur de Direction - Dakar,https://www.emploisenegal.com/offre-emploi-senegal/chauffeur-direction-dakar-1413038
,,,,"Niveau d'expérience, : ,Expérience entre 2 ans et 5 ans - Expérience entre 5 ans et 10 ans - Expérience > 10 ans,Niveau d'expérience,,Expérience entre 2 ans et 5 ans - Expérience entre 5 ans et 10 ans - Expérience > 10 ans",,,,jobs,Chef Pâtissier  - Dakar,https://www.emploisenegal.com/offre-emploi-senegal/chef-patissier-dakar-1410611
,,,,"Niveau d'expérience, : ,Etudiant, jeune diplômé - Débutant < 2 ans - Expérience entre 2 ans et 5 ans - Expérience entre 5 ans et 10 ans - Expérience > 10 ans,Niveau d'expérience,,Etudiant, jeune diplômé - Débutant < 2 ans - Expérience entre 2 ans et 5 ans - Expérience entre 5 ans et 10 ans - Expérience > 10 ans",,,,jobs,Alternant Data Engineer (F/H) - Paris ,https://www.emploisenegal.com/offre-emploi-senegal/alternant-data-engineer-fh-paris-1305124
,,,,"Niveau d'expérience, : ,Expérience entre 2 ans et 5 ans - Expérience entre 5 ans et 10 ans - Expérience > 10 ans,Niveau d'expérience,,Expérience entre 2 ans et 5 ans - Expérience entre 5 ans et 10 ans - Expérience > 10 ans",,,,jobs,"Développeur Full Stack Java 21, Angular 20, SpringBoot 3 - Dakar",https://www.emploisenegal.com/offre-emploi-senegal/developpeur-full-stack-java-21-angular-20-springboot-3-dakar-1414232
,,,,"Niveau d'expérience, : ,Débutant < 2 ans - Expérience entre 2 ans et 5 ans - Expérience entre 5 ans et 10 ans - Expérience > 10 ans,Niveau d'expérience,,Débutant < 2 ans - Expérience entre 2 ans et 5 ans - Expérience entre 5 ans et 10 ans - Expérience > 10 ans",,,,jobs,Accounting Officer - Dakar,https://www.emploisenegal.com/offre-emploi-senegal/accounting-officer-dakar-1414698
,,,,"Niveau d'expérience, : ,Débutant < 2 ans - Expérience entre 2 ans et 5 ans - Expérience entre 5 ans et 10 ans - Expérience > 10 ans,Niveau d'expérience,,Débutant < 2 ans - Expérience entre 2 ans et 5 ans - Expérience entre 5 ans et 10 ans - Expérience > 10 ans",,,,jobs,Community Projects Coordinator - Dakar,https://www.emploisenegal.com/offre-emploi-senegal/community-projects-coordinator-dakar-1414692
,,,,"Niveau d'expérience, : ,Débutant < 2 ans - Expérience entre 2 ans et 5 ans - Expérience entre 5 ans et 10 ans - Expérience > 10 ans,Niveau d'expérience,,Débutant < 2 ans - Expérience entre 2 ans et 5 ans - Expérience entre 5 ans et 10 ans - Expérience > 10 ans",,,,jobs,Administrative and Operations Officer  - Dakar,https://www.emploisenegal.com/offre-emploi-senegal/administrative-operations-officer-dakar-1414697
,,,,"Niveau d'expérience, : ,Expérience entre 2 ans et 5 ans - Expérience entre 5 ans et 10 ans - Expérience > 10 ans,Niveau d'expérience,,Expérience entre 2 ans et 5 ans - Expérience entre 5 ans et 10 ans - Expérience > 10 ans",,,,jobs,Dessinateur Projeteur Installation Générale - Dakar,https://www.emploisenegal.com/offre-emploi-senegal/dessinateur-projeteur-installation-generale-dakar-1386975
,,,,"Niveau d'expérience, : ,Débutant < 2 ans - Expérience entre 2 ans et 5 ans - Expérience entre 5 ans et 10 ans - Expérience > 10 ans,Niveau d'expérience,,Débutant < 2 ans - Expérience entre 2 ans et 5 ans - Expérience entre 5 ans et 10 ans - Expérience > 10 ans",,,,jobs,Assistante Administrative  - Dakar,https://www.emploisenegal.com/offre-emploi-senegal/assistante-administrative-dakar-1414844
,,,,"Niveau d'expérience, : ,Expérience entre 2 ans et 5 ans - Expérience entre 5 ans et 10 ans - Expérience > 10 ans,Niveau d'expérience,,Expérience entre 2 ans et 5 ans - Expérience entre 5 ans et 10 ans - Expérience > 10 ans",,,,jobs,Assistant Administratif - Diamniadio,https://www.emploisenegal.com/offre-emploi-senegal/assistant-administratif-diamniadio-1385335
,,,,"Niveau d'expérience, : ,Débutant < 2 ans,Niveau d'expérience,,Débutant < 2 ans",,,,jobs,Vendeuse - Dakar,https://www.emploisenegal.com/offre-emploi-senegal/vendeuse-dakar-1386716
,,,,"Niveau d'expérience, : ,Expérience entre 2 ans et 5 ans - Expérience entre 5 ans et 10 ans,Niveau d'expérience,,Expérience entre 2 ans et 5 ans - Expérience entre 5 ans et 10 ans",,,,jobs,Spécialiste SEO (Référencement Naturel) - H/F - Dakar,https://www.emploisenegal.com/offre-emploi-senegal/specialiste-seo-referencement-naturel-hf-dakar-1375491
,,,,"Niveau d'expérience, : ,Expérience entre 2 ans et 5 ans,Niveau d'expérience,,Expérience entre 2 ans et 5 ans",,,,jobs,Vendeur Bilingue - Grand-Dakar,https://www.emploisenegal.com/offre-emploi-senegal/vendeur-bilingue-grand-dakar-1385957
,,,,"Niveau d'expérience, : ,Expérience entre 5 ans et 10 ans - Expérience > 10 ans,Niveau d'expérience,,Expérience entre 5 ans et 10 ans - Expérience > 10 ans",,,,jobs,Chef Cuisinier H/F - Almadie,https://www.emploisenegal.com/offre-emploi-senegal/chef-cuisinier-hf-almadie-1385835
,,,,"Niveau d'expérience, : ,Etudiant, jeune diplômé - Débutant < 2 ans,Niveau d'expérience,,Etudiant, jeune diplômé - Débutant < 2 ans",,,,jobs,Téléconseiller - Dakar,https://www.emploisenegal.com/offre-emploi-senegal/placement-profils-dakar-1414915
,,,,"Niveau d'expérience, : ,Débutant < 2 ans - Expérience entre 2 ans et 5 ans - Expérience entre 5 ans et 10 ans - Expérience > 10 ans,Niveau d'expérience,,Débutant < 2 ans - Expérience entre 2 ans et 5 ans - Expérience entre 5 ans et 10 ans - Expérience > 10 ans",,,,jobs,Agent de Nettoyage de Voiture - Dakar ,https://www.emploisenegal.com/offre-emploi-senegal/agent-nettoyage-voiture-dakar-1414992
,,,,"Niveau d'expérience, : ,Expérience entre 2 ans et 5 ans - Expérience entre 5 ans et 10 ans - Expérience > 10 ans,Niveau d'expérience,,Expérience entre 2 ans et 5 ans - Expérience entre 5 ans et 10 ans - Expérience > 10 ans",,,,jobs,Chef d'Équipe Électricité Gros Œuvre - Dakar,https://www.emploisenegal.com/offre-emploi-senegal/chef-equipe-electricite-gros-oeuvre-dakar-1416330
,,,,"Niveau d'expérience, : ,Expérience entre 2 ans et 5 ans - Expérience entre 5 ans et 10 ans - Expérience > 10 ans,Niveau d'expérience,,Expérience entre 2 ans et 5 ans - Expérience entre 5 ans et 10 ans - Expérience > 10 ans",,,,jobs,Commercial Terrain - Rufisque ,https://www.emploisenegal.com/offre-emploi-senegal/commercial-terrain-rufisque-1416973
,,,,"Niveau d'expérience, : ,Expérience entre 2 ans et 5 ans - Expérience entre 5 ans et 10 ans - Expérience > 10 ans,Niveau d'expérience,,Expérience entre 2 ans et 5 ans - Expérience entre 5 ans et 10 ans - Expérience > 10 ans",,,,jobs,Télé-enquêteur (trice) (H/F) - Dakar,https://www.emploisenegal.com/offre-emploi-senegal/tele-enqueteur-trice-hf-dakar-1414645
,,,,"Niveau d'expérience, : ,Etudiant, jeune diplômé,Niveau d'expérience,,Etudiant, jeune diplômé",,,,jobs,Conseiller Commercial - Saint-Louis,https://www.emploisenegal.com/offre-emploi-senegal/conseiller-commercial-saint-louis-1417135
,,,,"Niveau d'expérience, : ,Expérience entre 2 ans et 5 ans,Niveau d'expérience,,Expérience entre 2 ans et 5 ans",,,,jobs,Chauffeur - Dakar,https://www.emploisenegal.com/offre-emploi-senegal/chauffeur-dakar-1383463
,,,,"Niveau d'expérience, : ,Etudiant, jeune diplômé - Débutant < 2 ans - Expérience entre 2 ans et 5 ans - Expérience entre 5 ans et 10 ans - Expérience > 10 ans,Niveau d'expérience,,Etudiant, jeune diplômé - Débutant < 2 ans - Expérience entre 2 ans et 5 ans - Expérience entre 5 ans et 10 ans - Expérience > 10 ans",,,,jobs,Chatteur  - Dubaï,https://www.emploisenegal.com/offre-emploi-senegal/chatteur-dubai-1410410
,,,,"Niveau d'expérience, : ,Expérience entre 2 ans et 5 ans - Expérience entre 5 ans et 10 ans - Expérience > 10 ans,Niveau d'expérience,,Expérience entre 2 ans et 5 ans - Expérience entre 5 ans et 10 ans - Expérience > 10 ans",,,,jobs,Professeur - Mbour,https://www.emploisenegal.com/offre-emploi-senegal/professeur-mbour-1416085
,,,,"Niveau d'expérience, : ,Expérience entre 2 ans et 5 ans - Expérience entre 5 ans et 10 ans - Expérience > 10 ans,Niveau d'expérience,,Expérience entre 2 ans et 5 ans - Expérience entre 5 ans et 10 ans - Expérience > 10 ans",,,,jobs,Comptable (H/F)  - Dakar,https://www.emploisenegal.com/offre-emploi-senegal/comptable-hf-dakar-1417825
,,,,"Niveau d'expérience, : ,Expérience entre 2 ans et 5 ans - Expérience entre 5 ans et 10 ans - Expérience > 10 ans,Niveau d'expérience,,Expérience entre 2 ans et 5 ans - Expérience entre 5 ans et 10 ans - Expérience > 10 ans",,,,jobs,Chauffeur (H/F) - Dakar,https://www.emploisenegal.com/offre-emploi-senegal/chauffeur-hf-dakar-1417795
,,,,"Niveau d'expérience, : ,Expérience entre 2 ans et 5 ans - Expérience entre 5 ans et 10 ans - Expérience > 10 ans,Niveau d'expérience,,Expérience entre 2 ans et 5 ans - Expérience entre 5 ans et 10 ans - Expérience > 10 ans",,,,jobs,Commercial(e) BTP - Dakar,https://www.emploisenegal.com/offre-emploi-senegal/commerciale-btp-dakar-1377933
,,,,"Niveau d'expérience, : ,Expérience entre 2 ans et 5 ans - Expérience entre 5 ans et 10 ans - Expérience > 10 ans,Niveau d'expérience,,Expérience entre 2 ans et 5 ans - Expérience entre 5 ans et 10 ans - Expérience > 10 ans",,,,jobs,Commercial Indépendant - Dakar,https://www.emploisenegal.com/offre-emploi-senegal/commercial-independant-dakar-1417713
,,,,"Niveau d'expérience, : ,Etudiant, jeune diplômé - Débutant < 2 ans - Expérience entre 2 ans et 5 ans - Expérience entre 5 ans et 10 ans - Expérience > 10 ans,Niveau d'expérience,,Etudiant, jeune diplômé - Débutant < 2 ans - Expérience entre 2 ans et 5 ans - Expérience entre 5 ans et 10 ans - Expérience > 10 ans",,,,jobs,Commercial Freelance - Diamniadio,https://www.emploisenegal.com/offre-emploi-senegal/commercial-freelance-diamniadio-1420226
,,,,"Niveau d'expérience, : ,Etudiant, jeune diplômé - Débutant < 2 ans - Expérience entre 2 ans et 5 ans - Expérience entre 5 ans et 10 ans - Expérience > 10 ans,Niveau d'expérience,,Etudiant, jeune diplômé - Débutant < 2 ans - Expérience entre 2 ans et 5 ans - Expérience entre 5 ans et 10 ans - Expérience > 10 ans",,,,jobs,Chauffeur - Dakar,https://www.emploisenegal.com/offre-emploi-senegal/chauffeur-dakar-1419544
,,,,"Niveau d'expérience, : ,Débutant < 2 ans,Niveau d'expérience,,Débutant < 2 ans",,,,jobs,Commercial Sédentaire H/F,https://www.emploisenegal.com/offre-emploi-senegal/commercial-sedentaire-hf-1066779
,,,,"Niveau d'expérience, : ,Etudiant, jeune diplômé - Débutant < 2 ans - Expérience entre 2 ans et 5 ans - Expérience entre 5 ans et 10 ans - Expérience > 10 ans,Niveau d'expérience,,Etudiant, jeune diplômé - Débutant < 2 ans - Expérience entre 2 ans et 5 ans - Expérience entre 5 ans et 10 ans - Expérience > 10 ans",,,,jobs,Vendeur(se) en Boutique de Luxe - Dakar,https://www.emploisenegal.com/offre-emploi-senegal/vendeurse-boutique-luxe-dakar-1420924
,,,,"Niveau d'expérience, : ,Expérience entre 2 ans et 5 ans - Expérience entre 5 ans et 10 ans - Expérience > 10 ans,Niveau d'expérience,,Expérience entre 2 ans et 5 ans - Expérience entre 5 ans et 10 ans - Expérience > 10 ans",,,,jobs,Commercial - Dakar,https://www.emploisenegal.com/offre-emploi-senegal/commercial-dakar-1421056
,,,,"Niveau d'expérience, : ,Expérience entre 5 ans et 10 ans - Expérience > 10 ans,Niveau d'expérience,,Expérience entre 5 ans et 10 ans - Expérience > 10 ans",,,,jobs,Responsable Chaîne d’Approvisionnement - Dakar,https://www.emploisenegal.com/offre-emploi-senegal/responsable-chaine-approvisionnement-dakar-1421124
,,,,"Niveau d'expérience, : ,Débutant < 2 ans,Niveau d'expérience,,Débutant < 2 ans",,,,jobs,Agent de Nettoyage Indépendant - Dakar,https://www.emploisenegal.com/offre-emploi-senegal/agent-nettoyage-independant-dakar-1420784
,,,,"Niveau d'expérience, : ,Etudiant, jeune diplômé - Débutant < 2 ans - Expérience entre 2 ans et 5 ans - Expérience entre 5 ans et 10 ans - Expérience > 10 ans,Niveau d'expérience,,Etudiant, jeune diplômé - Débutant < 2 ans - Expérience entre 2 ans et 5 ans - Expérience entre 5 ans et 10 ans - Expérience > 10 ans",,,,jobs,Stagiaire en Communication Digitale (Bilingue EN/FR) - Dakar,https://www.emploisenegal.com/offre-emploi-senegal/stagiaire-communication-digitale-bilingue-enfr-dakar-1420206
,,,,"Niveau d'expérience, : ,Expérience entre 5 ans et 10 ans - Expérience > 10 ans,Niveau d'expérience,,Expérience entre 5 ans et 10 ans - Expérience > 10 ans",,,,jobs,Responsable QHSE (H/F) - Dakar,https://www.emploisenegal.com/offre-emploi-senegal/responsable-qhse-hf-dakar-1414647
,,,,"Niveau d'expérience, : ,Expérience entre 2 ans et 5 ans - Expérience entre 5 ans et 10 ans - Expérience > 10 ans,Niveau d'expérience,,Expérience entre 2 ans et 5 ans - Expérience entre 5 ans et 10 ans - Expérience > 10 ans",,,,jobs,Project Coordinator (Bilingual) - Dakar,https://www.emploisenegal.com/offre-emploi-senegal/wnah-project-coordinator-bilingual-dakar-1410079
,,,,"Niveau d'expérience, : ,Expérience entre 5 ans et 10 ans - Expérience > 10 ans,Niveau d'expérience,,Expérience entre 5 ans et 10 ans - Expérience > 10 ans",,,,jobs,Responsable Commerciale et Administrative - Dakar,https://www.emploisenegal.com/offre-emploi-senegal/responsable-commerciale-administrative-dakar-1407262
,,,,"Niveau d'expérience, : ,Expérience entre 2 ans et 5 ans,Niveau d'expérience,,Expérience entre 2 ans et 5 ans",,,,jobs,Responsable Stock Adjoint Matières Premières (H/F) - Dakar,https://www.emploisenegal.com/offre-emploi-senegal/responsable-stock-adjoint-matieres-premieres-hf-dakar-1404472
,,,,"Niveau d'expérience, : ,Expérience > 10 ans,Niveau d'expérience,,Expérience > 10 ans",,,,jobs,"Responsable ESG, Impact et Assistance Technique (H/F) - Dakar",https://www.emploisenegal.com/offre-emploi-senegal/responsable-esg-impact-assistance-technique-hf-dakar-1385068
,,,,"Niveau d'expérience, : ,Débutant < 2 ans - Expérience entre 2 ans et 5 ans - Expérience entre 5 ans et 10 ans - Expérience > 10 ans,Niveau d'expérience,,Débutant < 2 ans - Expérience entre 2 ans et 5 ans - Expérience entre 5 ans et 10 ans - Expérience > 10 ans",,,,jobs,Infirmière Stagiaire - Dakar,https://www.emploisenegal.com/offre-emploi-senegal/infirmiere-stagiaire-dakar-1336912
,,,,"Niveau d'expérience, : ,Débutant < 2 ans - Expérience entre 2 ans et 5 ans - Expérience entre 5 ans et 10 ans - Expérience > 10 ans,Niveau d'expérience,,Débutant < 2 ans - Expérience entre 2 ans et 5 ans - Expérience entre 5 ans et 10 ans - Expérience > 10 ans",,,,jobs,Stagiaire en Moyens Généraux - Dakar,https://www.emploisenegal.com/offre-emploi-senegal/stagiaire-moyens-generaux-dakar-1209998
